{
    "version": "1.0",
    "explanations": {
        "kernel_shap": {
            "label0": {
                "global_shap_values": {
                    "age": 0.423411889280735,
                    "job": 0.1275209169708985,
                    "marital": 0.10455098660379049,
                    "education": 0.13934022544583757,
                    "default": 0.09022941869801333,
                    "housing": 0.1235677218278064,
                    "loan": 0.15062402333494523,
                    "contact": 0.21365149435455869,
                    "month": 1.1223332769654835,
                    "day_of_week": 0.24856400029603712,
                    "duration": 7.049983778042514,
                    "campaign": 0.3443141306204215,
                    "pdays": 0.7601243500828823,
                    "previous": 0.09492049375730092,
                    "poutcome": 0.10749905275390627,
                    "emp.var.rate": 0.6229000997294826,
                    "cons.price.idx": 0.24080095999967704,
                    "cons.conf.idx": 0.19554277610449652,
                    "euribor3m": 0.7156030521568804,
                    "nr.employed": 0.9094930027887237
                },
                "expected_value": -7.864299290751021
            }
        }
    }
}